Week,Geo,Cost_Total,Revenue,Cost_TV,Cost_Radio,Cost_OOH ,Cost_Print,Cost_SEM,Cost_Display,Cost_Instagram,Cost_Facebook,Cost_TikTok,NRW_TV,NRW_Radio,NRW_OOH ,NRW_Print,Clicks_SEM,Clicks_Display,Clicks_Instagram,Clicks_Facebook,Clicks_TikTok
44928,HH,1207,1196330,362,121,0,0,121,60,241,181,97,"16743,1419","9981,2865",0,0,"120,7","60,35","241,4","181,05","96,56"
44935,HH,3252,1415198,976,325,195,228,325,163,650,488,260,"39752,7732","22720,098","9017,66592","1452,79848","325,2","162,6","650,4","487,8","260,16"
44942,HH,3830,588517,1149,383,230,268,383,192,766,575,306,"50630,685","27644,557","17155,2594","2665,9864",383,"191,5",766,"574,5","306,4"
44949,HH,3994,1457264,1198,399,240,280,399,200,799,599,320,"50559,2472","36865,8182","7849,64784","2257,32892","399,4","199,7","798,8","599,1","319,52"
44956,HH,1680,843078,504,168,101,0,168,84,336,252,134,"29100,96","16266,432","4826,0016",0,168,84,336,252,"134,4"
44963,HH,1322,1585997,397,0,0,0,132,66,264,198,106,"21463,5954",0,0,0,"132,2","66,1","264,4","198,3","105,76"
44970,HH,1086,978372,326,0,0,0,109,54,217,163,87,"12835,5426",0,0,0,"108,6","54,3","217,2","162,9","86,88"
44977,HH,3966,1153911,1190,0,238,278,397,198,793,595,317,"71228,5668",0,"18753,86556","2293,69644","396,6","198,3","793,2","594,9","317,28"
44984,HH,1296,1500698,0,0,0,0,130,65,259,194,104,0,0,0,0,"129,6","64,8","259,2","194,4","103,68"
44991,HH,2630,1447431,0,0,158,0,263,132,526,395,210,0,0,"10631,3016",0,263,"131,5",526,"394,5","210,4"
44998,HH,2071,636673,0,0,124,0,207,104,414,311,166,0,0,"5152,93794",0,"207,1","103,55","414,2","310,65","165,68"
45005,HH,1957,636471,0,0,117,0,196,98,391,294,157,0,0,"6439,43022",0,"195,7","97,85","391,4","293,55","156,56"
45012,HH,1143,609159,0,114,0,0,114,57,229,171,91,0,"8379,6759",0,0,"114,3","57,15","228,6","171,45","91,44"
45019,HH,269,1049541,0,27,0,0,27,13,54,40,22,0,"2628,6411",0,0,"26,9","13,45","53,8","40,35","21,52"
45026,HH,3743,861295,1123,374,225,262,374,187,749,561,299,"49654,638","30655,5443","11021,03892","1445,24716","374,3","187,15","748,6","561,45","299,44"
45033,HH,3127,1275786,938,313,188,219,313,156,625,469,250,"53106,7791","27555,124","7395,41754","2034,36366","312,7","156,35","625,4","469,05","250,16"
45040,HH,1182,1816074,355,118,0,0,118,59,236,177,95,"16363,017","7194,4794",0,0,"118,2","59,1","236,4","177,3","94,56"
45047,HH,3465,793804,1040,347,208,243,347,173,693,520,277,"55854,414","31913,343","14392,7091","1538,49465","346,5","173,25",693,"519,75","277,2"
45054,HH,2751,894524,825,275,165,0,275,138,550,413,220,"34077,4623","24395,3178","10839,4902",0,"275,1","137,55","550,2","412,65","220,08"
45061,HH,1705,1371527,512,171,102,0,171,85,341,256,136,"29689,506","16967,9895","6706,0719",0,"170,5","85,25",341,"255,75","136,4"
45068,HH,2339,1670013,702,234,140,0,234,117,468,351,187,"41580,6369","19696,719","6929,84886",0,"233,9","116,95","467,8","350,85","187,12"
45075,HH,3082,543592,925,308,185,216,308,154,616,462,247,"40031,4816","21557,9736","12404,4336","1379,01008","308,2","154,1","616,4","462,3","246,56"
45082,HH,3796,954969,1139,0,228,266,380,190,759,569,304,"38034,7812",0,"10558,04256","2471,46172","379,6","189,8","759,2","569,4","303,68"
45089,HH,2336,1590775,701,0,140,0,234,117,467,350,187,"29019,4272",0,"8290,60416",0,"233,6","116,8","467,2","350,4","186,88"
45096,HH,3595,1599829,1079,0,216,252,360,180,719,539,288,"64276,443",0,"14970,2271","1385,83655","359,5","179,75",719,"539,25","287,6"
45103,HH,3565,1401156,1070,0,214,250,357,178,713,535,285,"36745,881",0,"13621,7937","1662,75165","356,5","178,25",713,"534,75","285,2"
45110,HH,2560,1562101,0,0,154,0,256,128,512,384,205,0,0,"9284,9664",0,256,128,512,384,"204,8"
45117,HH,3141,1782595,0,0,188,220,314,157,628,471,251,0,0,"12789,27252","1462,57524","314,1","157,05","628,2","471,15","251,28"
45124,HH,1864,1910893,0,186,112,0,186,93,373,280,149,0,"11188,66","8167,6752",0,"186,4","93,2","372,8","279,6","149,12"
45131,HH,92,1610963,0,9,0,0,9,5,18,14,7,0,"865,2968",0,0,"9,2","4,6","18,4","13,8","7,36"
45138,HH,2057,583350,0,206,123,0,206,103,411,309,165,0,"18057,3745","6918,9252",0,"205,7","102,85","411,4","308,55","164,56"
45145,HH,1134,1895760,0,113,0,0,113,57,227,170,91,0,"10746,351",0,0,"113,4","56,7","226,8","170,1","90,72"
45152,HH,292,1673267,0,29,0,0,29,15,58,44,23,0,"2409,8468",0,0,"29,2","14,6","58,4","43,8","23,36"
45159,HH,483,1423719,145,48,0,0,48,24,97,72,39,"8123,2389","4223,0139",0,0,"48,3","24,15","96,6","72,45","38,64"
45166,HH,3052,1007406,916,305,183,214,305,153,610,458,244,"52202,0184","28168,434","10204,72824","1880,032","305,2","152,6","610,4","457,8","244,16"
45173,HH,3933,1218480,1180,393,236,275,393,197,787,590,315,"35614,1016","28878,0525","16667,50338","1611,38943","393,3","196,65","786,6","589,95","314,64"
45180,HH,1515,1255184,455,152,0,0,152,76,303,227,121,"18344,9835","10066,872",0,0,"151,5","75,75",303,"227,25","121,2"
45187,HH,2235,1739298,671,224,134,0,224,112,447,335,179,"29717,2305","15252,981","7562,8377",0,"223,5","111,75",447,"335,25","178,8"
45194,HH,2296,1005459,689,0,138,0,230,115,459,344,184,"22303,344",0,"4257,4728",0,"229,6","114,8","459,2","344,4","183,68"
45201,HH,3107,1510068,932,0,186,217,311,155,621,466,249,"35514,8742",0,"9569,31144","1949,36287","310,7","155,35","621,4","466,05","248,56"
45208,HH,2507,1368048,752,0,150,0,251,125,501,376,201,"42231,1671",0,"7207,97598",0,"250,7","125,35","501,4","376,05","200,56"
45215,HH,28,1440057,0,0,0,0,3,1,6,4,2,0,0,0,0,"2,8","1,4","5,6","4,2","2,24"
45222,HH,374,884637,0,0,0,0,37,19,75,56,30,0,0,0,0,"37,4","18,7","74,8","56,1","29,92"
45229,HH,53,804917,0,0,0,0,5,3,11,8,4,0,0,0,0,"5,3","2,65","10,6","7,95","4,24"
45236,HH,843,1836321,0,84,0,0,84,42,169,126,67,0,"6281,6988",0,0,"84,3","42,15","168,6","126,45","67,44"
45243,HH,2163,1028673,649,216,130,0,216,108,433,324,173,"27158,4117","21148,7325","10208,4948",0,"216,3","108,15","432,6","324,45","173,04"
45250,HH,264,1064710,250,26,0,0,26,13,53,40,21,8841,"1984,8312",0,0,"26,4","13,2","52,8","39,6","21,12"
45257,HH,2923,1239015,877,292,175,205,292,146,585,438,234,"51762,5301","18753,3834","8398,24668","1070,31491","292,3","146,15","584,6","438,45","233,84"
45264,HH,498,887179,149,50,0,0,50,25,100,75,40,"7193,4606","4438,674",0,0,"49,8","24,9","99,6","74,7","39,84"
45271,HH,3564,996617,1069,356,214,249,356,178,713,535,285,"33443,5068","26200,0332","14806,70928","1863,36612","356,4","178,2","712,8","534,6","285,12"
45278,HH,66,1720385,0,7,0,0,7,3,13,10,5,0,"614,1366",0,0,"6,6","3,3","13,2","9,9","5,28"
45285,HH,943,678362,283,94,0,0,94,47,189,141,75,"16833,3987","8516,6102",0,0,"94,3","47,15","188,6","141,45","75,44"
45292,HH,760,1070802,228,76,0,0,76,38,152,114,61,"11745,648","6304,124",0,0,76,38,152,114,"60,8"
45299,HH,2407,770788,722,241,144,0,241,120,481,361,193,"32847,6069","23984,5515","5248,51164",0,"240,7","120,35","481,4","361,05","192,56"
45306,HH,861,1227124,258,86,0,0,86,43,172,129,69,"10640,6685","7218,2796",0,0,"86,1","43,05","172,2","129,15","68,88"
45313,HH,2366,1217314,710,237,142,0,237,118,473,355,189,"25385,997","20000,5078","7995,47112",0,"236,6","118,3","473,2","354,9","189,28"
45320,HH,391,1972371,117,39,0,0,39,20,78,59,31,"6158,25","3693,6206",0,0,"39,1","19,55","78,2","58,65","31,28"
45327,HH,832,1116599,250,83,0,0,83,42,166,125,67,"10612,4928","5263,0656",0,0,"83,2","41,6","166,4","124,8","66,56"
45334,HH,3311,528372,993,331,199,232,331,166,662,497,265,"34287,7227","19947,7817","15530,04684","2043,28432","331,1","165,55","662,2","496,65","264,88"
45341,HH,2306,1762734,692,231,138,0,231,115,461,346,184,"30390,0822","19242,8782","7733,90892",0,"230,6","115,3","461,2","345,9","184,48"
45348,HH,2876,1661593,863,288,173,201,288,144,575,431,230,"34866,6108","20572,3156","13403,94312","1486,7482","287,6","143,8","575,2","431,4","230,08"
45355,HH,1828,1515913,548,183,110,0,183,91,366,274,146,"16804,0728","17289,4068","6387,10512",0,"182,8","91,4","365,6","274,2","146,24"
45362,HH,2322,1506478,697,232,139,0,232,116,464,348,186,"35713,2888","21719,7558","7000,96932",0,"232,2","116,1","464,4","348,3","185,76"
45369,HH,2910,1927246,873,291,175,204,291,146,582,437,233,"46581,534","25928,973","5363,3628","1087,758",291,"145,5",582,"436,5","232,8"
45376,HH,3404,1844561,1021,340,204,238,340,170,681,511,272,"44118,9036","27146,9","10084,14576","2170,49252","340,4","170,2","680,8","510,6","272,32"
45383,HH,109,1787782,0,11,0,0,11,5,22,16,9,0,"873,3298",0,0,"10,9","5,45","21,8","16,35","8,72"
45390,HH,32,888274,0,3,0,0,3,2,6,5,3,0,"206,0896",0,0,"3,2","1,6","6,4","4,8","2,56"
45397,HH,567,821506,0,57,0,0,57,28,113,85,45,0,"4058,4726",0,0,"56,7","28,35","113,4","85,05","45,36"
45404,HH,2166,1436209,0,217,130,0,217,108,433,325,173,0,"16128,9024","10363,0104",0,"216,6","108,3","433,2","324,9","173,28"
45411,HH,635,1078775,0,64,0,0,64,32,127,95,51,0,"5169,0905",0,0,"63,5","31,75",127,"95,25","50,8"
45418,HH,3326,1649433,0,333,200,233,333,166,665,499,266,0,"20009,216","6866,66004","1951,49724","332,6","166,3","665,2","498,9","266,08"
45425,HH,3305,1061537,992,331,198,231,331,165,661,496,264,"56296,3785","20427,8745","6858,4038","1591,2253","330,5","165,25",661,"495,75","264,4"
45432,HH,1634,1259391,490,163,0,0,163,82,327,245,131,"16888,3704","14659,7578",0,0,"163,4","81,7","326,8","245,1","130,72"
45439,HH,403,1818007,121,0,0,0,40,20,81,60,32,"4755,6015",0,0,0,"40,3","20,15","80,6","60,45","32,24"
45446,HH,1244,1299164,373,0,0,0,124,62,249,187,100,"18934,6752",0,0,0,"124,4","62,2","248,8","186,6","99,52"
45453,HH,1995,892592,599,0,120,0,200,100,399,299,160,"23622,795",0,"5434,8588",0,"199,5","99,75",399,"299,25","159,6"
45460,HH,3654,1298795,1096,0,219,256,365,183,731,548,292,"54511,8336",0,"8739,78336","1668,70872","365,4","182,7","730,8","548,1","292,32"
45467,HH,1236,809550,371,0,0,0,124,62,247,185,99,"21082,2048",0,0,0,"123,6","61,8","247,2","185,4","98,88"
45474,HH,1920,1828685,0,0,115,0,192,96,384,288,154,0,0,"7956,5184",0,192,96,384,288,"153,6"
45481,HH,3742,1775847,0,0,225,262,374,187,748,561,299,0,0,"10584,09732","1343,7522","374,2","187,1","748,4","561,3","299,36"
45488,HH,1531,1394448,0,0,0,0,153,77,306,230,122,0,0,0,0,"153,1","76,55","306,2","229,65","122,48"
45495,HH,3519,1321978,0,352,211,246,352,176,704,528,282,0,"26460,7686","6680,25846","1558,52991","351,9","175,95","703,8","527,85","281,52"
45502,HH,9,1493135,0,1,0,0,1,0,2,1,1,0,"63,1629",0,0,"0,9","0,45","1,8","1,35","0,72"
45509,HH,512,1088422,154,51,0,0,51,26,102,77,41,"6692,6592","4660,48",0,0,"51,2","25,6","102,4","76,8","40,96"
45516,HH,2706,950471,812,271,162,0,271,135,541,406,216,"46074,5208","25256,451","9426,13452",0,"270,6","135,3","541,2","405,9","216,48"
45523,HH,3182,1831138,955,318,191,223,318,159,636,477,255,"37755,3846","28876,65","14677,35684","1857,42886","318,2","159,1","636,4","477,3","254,56"
45530,HH,131,967191,1054,13,0,0,13,7,26,20,10,"31729,616","877,8048",0,0,"13,1","6,55","26,2","19,65","10,48"
45537,HH,3067,1750800,920,307,184,215,307,153,613,460,245,"44289,0135","27373,2817","8496,93948","1309,82369","306,7","153,35","613,4","460,05","245,36"
45544,HH,3189,660053,957,319,191,223,319,159,638,478,255,"41072,0877","26401,0932","10638,31266","1917,09924","318,9","159,45","637,8","478,35","255,12"
45551,HH,700,1478041,810,70,0,0,70,35,140,105,56,"40241,61","4476,71",0,0,70,35,140,105,56
45558,HH,3434,769641,1030,343,206,240,343,172,687,515,275,"48906,6846","24905,085","8996,32452","2282,64848","343,4","171,7","686,8","515,1","274,72"
45565,HH,3209,618656,963,321,193,225,321,160,642,481,257,"36439,1577","22768,8177","7639,0245","1430,66847","320,9","160,45","641,8","481,35","256,72"
45572,HH,1617,1907266,485,162,0,0,162,81,323,243,129,"25948,9692","12530,7798",0,0,"161,7","80,85","323,4","242,55","129,36"
45579,HH,3472,1818871,1042,347,208,243,347,174,694,521,278,"48233,3712",26908,"14139,51168","1430,77648","347,2","173,6","694,4","520,8","277,76"
45586,HH,1174,691516,352,117,0,0,117,59,235,176,94,"16990,8324","8307,6936",0,0,"117,4","58,7","234,8","176,1","93,92"
45593,HH,591,1858474,177,59,0,0,59,30,118,89,47,"8440,3665","5694,9942",0,0,"59,1","29,55","118,2","88,65","47,28"
45600,HH,618,1400400,185,62,0,0,62,31,124,93,49,"10341,612","6114,3684",0,0,"61,8","30,9","123,6","92,7","49,44"
45607,HH,1667,1068633,0,167,100,0,167,83,333,250,133,0,"14964,1589","3195,1389",0,"166,7","83,35","333,4","250,05","133,36"
45614,HH,3063,1786111,0,306,184,214,306,153,613,459,245,0,"23491,0659","12160,35504","1567,3371","306,3","153,15","612,6","459,45","245,04"
45621,HH,3567,1267938,0,357,214,250,357,178,713,535,285,0,"22678,6293","14434,79292","2324,11452","356,7","178,35","713,4","535,05","285,36"
45628,HH,96,1719912,0,10,0,0,10,5,19,14,8,0,"781,3248",0,0,"9,6","4,8","19,2","14,4","7,68"
45635,HH,2491,1773867,0,249,149,0,249,125,498,374,199,0,"18101,1006","11261,66154",0,"249,1","124,55","498,2","373,65","199,28"
45642,HH,3142,787344,943,314,189,220,314,157,628,471,251,"33095,6286","24646,4764","13164,3516","1202,19204","314,2","157,1","628,4","471,3","251,36"
45649,HH,2993,1603283,898,299,180,210,299,150,599,449,239,"49883,7324","23437,2851","5399,79102","1833,63152","299,3","149,65","598,6","448,95","239,44"
45656,HH,1123,826847,337,112,0,0,112,56,225,168,90,"17891,0745","9558,8637",0,0,"112,3","56,15","224,6","168,45","89,84"
44928,HB,1383,846534,181,60,0,0,138,69,277,207,111,"10617,31515","5784,6682",0,0,"138,3","69,15","276,6","207,45","110,64"
44935,HB,41,307684,488,163,0,0,4,2,8,6,3,"25859,2536","13832,7072",0,0,"4,1","2,05","8,2","6,15","3,28"
44942,HB,1714,968059,575,192,103,0,171,86,343,257,137,"29056,4865","15149,3735","7452,91764",0,"171,4","85,7","342,8","257,1","137,12"
44949,HB,1160,587413,599,200,0,0,116,58,232,174,93,"29087,5032","14712,8975",0,0,116,58,232,174,"92,8"
44956,HB,417,558079,252,84,0,0,42,21,83,63,33,"12548,844","5560,296",0,0,"41,7","20,85","83,4","62,55","33,36"
44963,HB,1031,452603,198,0,0,0,103,52,206,155,82,"8019,8469",0,0,0,"103,1","51,55","206,2","154,65","82,48"
44970,HB,920,691075,163,0,0,0,92,46,184,138,74,"7130,6217",0,0,0,92,46,184,138,"73,6"
44977,HB,1463,450073,595,0,0,0,146,73,293,219,117,"26919,8199",0,0,0,"146,3","73,15","292,6","219,45","117,04"
44984,HB,16,458154,0,0,0,0,2,1,3,2,1,0,0,0,0,"1,6","0,8","3,2","2,4","1,28"
44991,HB,1358,627713,0,0,0,0,136,68,272,204,109,0,0,0,0,"135,8","67,9","271,6","203,7","108,64"
44998,HB,848,861687,0,0,0,0,85,42,170,127,68,0,0,0,0,"84,8","42,4","169,6","127,2","67,84"
45005,HB,84,815274,0,0,0,0,8,4,17,13,7,0,0,0,0,"8,4","4,2","16,8","12,6","6,72"
45012,HB,646,899399,0,57,0,0,65,32,129,97,52,0,"5234,88285",0,0,"64,6","32,3","129,2","96,9","51,68"
45019,HB,1112,569732,0,13,0,0,111,56,222,167,89,0,"1178,15275",0,0,"111,2","55,6","222,4","166,8","88,96"
45026,HB,122,991960,561,187,0,0,12,6,24,18,10,"21703,4112","12962,009",0,0,"12,2","6,1","24,4","18,3","9,76"
45033,HB,1593,876710,469,156,0,0,159,80,319,239,127,"25451,12205","10749,21885",0,0,"159,3","79,65","318,6","238,95","127,44"
45040,HB,962,496218,177,59,0,0,96,48,192,144,77,"7072,6743","4949,8023",0,0,"96,2","48,1","192,4","144,3","76,96"
45047,HB,1091,826090,520,173,0,0,109,55,218,164,87,"24915,7755","12962,73825",0,0,"109,1","54,55","218,2","163,65","87,28"
45054,HB,409,708820,413,138,0,0,41,20,82,61,33,"17412,59205","10934,26215",0,0,"40,9","20,45","81,8","61,35","32,72"
45061,HB,657,759471,256,85,0,0,66,33,131,99,53,"11644,04175","7072,93675",0,0,"65,7","32,85","131,4","98,55","52,56"
45068,HB,1629,259543,351,117,0,0,163,81,326,244,130,"19313,94165","9535,98605",0,0,"162,9","81,45","325,8","244,35","130,32"
45075,HB,322,989304,462,154,0,0,32,16,64,48,26,"17048,2371","10896,411",0,0,"32,2","16,1","64,4","48,3","25,76"
45082,HB,78,561458,569,0,0,0,8,4,16,12,6,"20988,084",0,0,0,"7,8","3,9","15,6","11,7","6,24"
45089,HB,776,311333,350,0,0,0,78,39,155,116,62,"16823,0544",0,0,0,"77,6","38,8","155,2","116,4","62,08"
45096,HB,733,588230,539,0,0,0,73,37,147,110,59,"22680,855",0,0,0,"73,3","36,65","146,6","109,95","58,64"
45103,HB,1331,335281,535,0,0,0,133,67,266,200,106,"20475,04275",0,0,0,"133,1","66,55","266,2","199,65","106,48"
45110,HB,1515,558387,0,0,0,0,152,76,303,227,121,0,0,0,0,"151,5","75,75",303,"227,25","121,2"
45117,HB,1881,707734,0,0,113,0,188,94,376,282,150,0,0,"6227,38908",0,"188,1","94,05","376,2","282,15","150,48"
45124,HB,916,489069,0,93,0,0,92,46,183,137,73,0,"6249,526",0,0,"91,6","45,8","183,2","137,4","73,28"
45131,HB,795,749951,0,5,0,0,80,40,159,119,64,0,"453,1046",0,0,"79,5","39,75",159,"119,25","63,6"
45138,HB,1417,338285,0,103,0,0,142,71,283,213,113,0,"9382,7998",0,0,"141,7","70,85","283,4","212,55","113,36"
45145,HB,692,313304,0,57,0,0,69,35,138,104,55,0,"3945,2427",0,0,"69,2","34,6","138,4","103,8","55,36"
45152,HB,309,256570,0,15,0,0,31,15,62,46,25,0,"1114,8414",0,0,"30,9","15,45","61,8","46,35","24,72"
45159,HB,798,412348,72,24,0,0,80,40,160,120,64,"3330,0918","1878,1938",0,0,"79,8","39,9","159,6","119,7","63,84"
45166,HB,706,546437,458,153,0,0,71,35,141,106,56,"20778,1686","9369,64",0,0,"70,6","35,3","141,2","105,9","56,48"
45173,HB,1771,978899,590,197,106,0,177,89,354,266,142,"20327,3172","13018,23","6436,06194",0,"177,1","88,55","354,2","265,65","141,68"
45180,HB,433,257445,227,76,0,0,43,22,87,65,35,"10297,152","4970,412",0,0,"43,3","21,65","86,6","64,95","34,64"
45187,HB,1016,778218,335,112,0,0,102,51,203,152,81,"14973,27075","9847,96875",0,0,"101,6","50,8","203,2","152,4","81,28"
45194,HB,1984,586020,344,0,119,0,198,99,397,298,159,"17429,3952",0,"3911,53536",0,"198,4","99,2","396,8","297,6","158,72"
45201,HB,1892,556338,466,0,114,0,189,95,378,284,151,"21850,2882",0,"7116,22824",0,"189,2","94,6","378,4","283,8","151,36"
45208,HB,294,433258,376,0,0,0,29,15,59,44,24,"12076,09365",0,0,0,"29,4","14,7","58,8","44,1","23,52"
45215,HB,876,726302,0,0,0,0,88,44,175,131,70,0,0,0,0,"87,6","43,8","175,2","131,4","70,08"
45222,HB,1870,690591,0,0,112,0,187,94,374,281,150,0,0,"7786,68",0,187,"93,5",374,"280,5","149,6"
45229,HB,1561,883554,0,0,0,0,156,78,312,234,125,0,0,0,0,"156,1","78,05","312,2","234,15","124,88"
45236,HB,1128,907900,0,42,0,0,113,56,226,169,90,0,"3925,2609",0,0,"112,8","56,4","225,6","169,2","90,24"
45243,HB,955,289808,324,108,0,0,96,48,191,143,76,"15078,16485","7362,31125",0,0,"95,5","47,75",191,"143,25","76,4"
45250,HB,1014,470875,125,13,0,0,101,51,203,152,81,"4777,875","905,124",0,0,"101,4","50,7","202,8","152,1","81,12"
45257,HB,1294,830451,438,146,0,0,129,65,259,194,104,"22659,53445","12169,47205",0,0,"129,4","64,7","258,8","194,1","103,52"
45264,HB,442,914395,75,25,0,0,44,22,88,66,35,"3584,2554","1815,3843",0,0,"44,2","22,1","88,4","66,3","35,36"
45271,HB,718,698002,535,178,0,0,72,36,144,108,57,"25324,002","15879,0456",0,0,"71,8","35,9","143,6","107,7","57,44"
45278,HB,89,975495,0,3,0,0,9,4,18,13,7,0,"208,1046",0,0,"8,9","4,45","17,8","13,35","7,12"
45285,HB,626,700649,141,47,0,0,63,31,125,94,50,"4939,57545","3083,5157",0,0,"62,6","31,3","125,2","93,9","50,08"
45292,HB,1339,888170,114,38,0,0,134,67,268,201,107,"5660,67","2472,394",0,0,"133,9","66,95","267,8","200,85","107,12"
45299,HB,1068,997586,361,120,0,0,107,53,214,160,85,"11017,44075","7864,8725",0,0,"106,8","53,4","213,6","160,2","85,44"
45306,HB,1652,621379,129,43,0,0,165,83,330,248,132,"6925,41045","4044,6336",0,0,"165,2","82,6","330,4","247,8","132,16"
45313,HB,722,606280,355,118,0,0,72,36,144,108,58,"14701,3776","9824,1052",0,0,"72,2","36,1","144,4","108,3","57,76"
45320,HB,1424,261118,59,20,0,0,142,71,285,214,114,"3427,3887","1509,1818",0,0,"142,4","71,2","284,8","213,6","113,92"
45327,HB,1118,310377,125,42,0,0,112,56,224,168,89,"4504,7808","3898,336",0,0,"111,8","55,9","223,6","167,7","89,44"
45334,HB,1403,595479,497,166,0,0,140,70,281,210,112,"15160,24125","11368,6496",0,0,"140,3","70,15","280,6","210,45","112,24"
45341,HB,914,872239,346,115,0,0,91,46,183,137,73,"13075,02","11499,5608",0,0,"91,4","45,7","182,8","137,1","73,12"
45348,HB,1064,732758,431,144,0,0,106,53,213,160,85,"22744,2708","11776,7886",0,0,"106,4","53,2","212,8","159,6","85,12"
45355,HB,1092,812836,274,91,0,0,109,55,218,164,87,"9833,0862","8981,2382",0,0,"109,2","54,6","218,4","163,8","87,36"
45362,HB,81,504946,348,116,0,0,8,4,16,12,6,"19039,1229","8556,8022",0,0,"8,1","4,05","16,2","12,15","6,48"
45369,HB,1567,582658,437,146,0,0,157,78,313,235,125,"24593,283","13647,7545",0,0,"156,7","78,35","313,4","235,05","125,36"
45376,HB,1233,341428,511,170,0,0,123,62,247,185,99,"22739,0604","12032,1188",0,0,"123,3","61,65","246,6","184,95","98,64"
45383,HB,1345,544250,0,5,0,0,135,67,269,202,108,0,"359,70545",0,0,"134,5","67,25",269,"201,75","107,6"
45390,HB,997,658144,0,2,0,0,100,50,199,150,80,0,"134,704",0,0,"99,7","49,85","199,4","149,55","79,76"
45397,HB,218,305995,0,28,0,0,22,11,44,33,17,0,"2370,71205",0,0,"21,8","10,9","43,6","32,7","17,44"
45404,HB,719,259761,0,108,0,0,72,36,144,108,58,0,"9090,2688",0,0,"71,9","35,95","143,8","107,85","57,52"
45411,HB,1091,913830,0,32,0,0,109,55,218,164,87,0,"2421,98525",0,0,"109,1","54,55","218,2","163,65","87,28"
45418,HB,31,643782,0,166,0,0,3,2,6,5,2,0,"15223,102",0,0,"3,1","1,55","6,2","4,65","2,48"
45425,HB,1131,325851,496,165,0,0,113,57,226,170,90,"24048,33675","13628,66325",0,0,"113,1","56,55","226,2","169,65","90,48"
45432,HB,1098,644681,245,82,0,0,110,55,220,165,88,"10974,8427","5840,733",0,0,"109,8","54,9","219,6","164,7","87,84"
45439,HB,1640,782516,60,0,0,0,164,82,328,246,131,"2721,0963",0,0,0,164,82,328,246,"131,2"
45446,HB,837,590077,187,0,0,0,84,42,167,126,67,"8700,5982",0,0,0,"83,7","41,85","167,4","125,55","66,96"
45453,HB,114,362641,299,0,0,0,11,6,23,17,9,"14207,193",0,0,0,"11,4","5,7","22,8","17,1","9,12"
45460,HB,1547,582885,548,0,0,0,155,77,309,232,124,"27862,6635",0,0,0,"154,7","77,35","309,4","232,05","123,76"
45467,HB,1696,743202,185,0,102,0,170,85,339,254,136,"6694,9794",0,"3610,24128",0,"169,6","84,8","339,2","254,4","135,68"
45474,HB,1910,380088,0,0,115,0,191,96,382,287,153,0,0,"7537,5858",0,191,"95,5",382,"286,5","152,8"
45481,HB,731,546350,0,0,0,0,73,37,146,110,58,0,0,0,0,"73,1","36,55","146,2","109,65","58,48"
45488,HB,290,688126,0,0,0,0,29,15,58,44,23,0,0,0,0,29,"14,5",58,"43,5","23,2"
45495,HB,558,462970,0,176,0,0,56,28,112,84,45,0,"15056,92125",0,0,"55,8","27,9","111,6","83,7","44,64"
45502,HB,240,423414,0,0,0,0,24,12,48,36,19,0,"40,46445",0,0,24,12,48,36,"19,2"
45509,HB,879,292955,77,26,0,0,88,44,176,132,70,"3748,224","2111,7184",0,0,"87,9","43,95","175,8","131,85","70,32"
45516,HB,1302,476701,406,135,0,0,130,65,260,195,104,"24126,2901","12243,9735",0,0,"130,2","65,1","260,4","195,3","104,16"
45523,HB,984,683174,477,159,0,0,98,49,197,148,79,"27183,1896","14454,0759",0,0,"98,4","49,2","196,8","147,6","78,72"
45530,HB,317,838033,527,7,0,0,32,16,63,48,25,"19314,023","530,04565",0,0,"31,7","15,85","63,4","47,55","25,36"
45537,HB,132,746625,460,153,0,0,13,7,26,20,11,"18944,39895","10110,9789",0,0,"13,2","6,6","26,4","19,8","10,56"
45544,HB,1715,522293,478,159,103,0,172,86,343,257,137,"19367,91315","15240,70935","4101,594",0,"171,5","85,75",343,"257,25","137,2"
45551,HB,870,447559,405,35,0,0,87,44,174,131,70,"14867,955","2384,445",0,0,87,"43,5",174,"130,5","69,6"
45558,HB,1404,329460,515,172,0,0,140,70,281,211,112,"25299,1365","16576,7765",0,0,"140,4","70,2","280,8","210,6","112,32"
45565,HB,198,826493,481,160,0,0,20,10,40,30,16,"15124,49835","11063,50885",0,0,"19,8","9,9","39,6","29,7","15,84"
45572,HB,1338,820756,243,81,0,0,134,67,268,201,107,"14426,14635","7578,5556",0,0,"133,8","66,9","267,6","200,7","107,04"
45579,HB,1944,845136,521,174,117,0,194,97,389,292,156,"23735,46","16888,8496","8900,33184",0,"194,4","97,2","388,8","291,6","155,52"
45586,HB,213,417441,176,59,0,0,21,11,43,32,17,"7234,188","5811,1239",0,0,"21,3","10,65","42,6","31,95","17,04"
45593,HB,1377,410726,89,30,0,0,138,69,275,207,110,"4231,2645","2452,3545",0,0,"137,7","68,85","275,4","206,55","110,16"
45600,HB,656,779585,93,31,0,0,66,33,131,98,52,"3994,0722","2376,7044",0,0,"65,6","32,8","131,2","98,4","52,48"
45607,HB,199,513305,0,83,0,0,20,10,40,30,16,0,"6502,71695",0,0,"19,9","9,95","39,8","29,85","15,92"
45614,HB,385,953066,0,153,0,0,39,19,77,58,31,0,"13196,6292",0,0,"38,5","19,25",77,"57,75","30,8"
45621,HB,1012,551674,0,178,0,0,101,51,202,152,81,0,"13792,5189",0,0,"101,2","50,6","202,4","151,8","80,96"
45628,HB,1736,285599,0,5,104,0,174,87,347,260,139,0,"373,8384","6880,60128",0,"173,6","86,8","347,2","260,4","138,88"
45635,HB,961,347618,0,125,0,0,96,48,192,144,77,0,"7476,61195",0,0,"96,1","48,05","192,2","144,15","76,88"
45642,HB,471,341676,471,157,0,0,47,24,94,71,38,"18293,9808","15235,2438",0,0,"47,1","23,55","94,2","70,65","37,68"
45649,HB,1585,844149,449,150,0,0,159,79,317,238,127,"22768,9482","12045,6278",0,0,"158,5","79,25",317,"237,75","126,8"
45656,HB,1574,897899,168,56,0,0,157,79,315,236,126,"6719,97585","3859,13335",0,0,"157,4","78,7","314,8","236,1","125,92"
44928,SH,1106,807705,181,60,0,0,111,55,221,166,88,"6393,78075","4093,4198",0,0,"110,6","55,3","221,2","165,9","88,48"
44935,SH,562,788990,488,163,0,0,56,28,112,84,45,"17473,9716","15001,9638",0,0,"56,2","28,1","112,4","84,3","44,96"
44942,SH,292,664389,575,192,0,0,29,15,58,44,23,"32770,629","12654,5115",0,0,"29,2","14,6","58,4","43,8","23,36"
44949,SH,1609,861335,599,200,0,0,161,80,322,241,129,"18881,2356","15262,8713",0,0,"160,9","80,45","321,8","241,35","128,72"
44956,SH,292,894181,252,84,0,0,29,15,58,44,23,"10914,624","5591,796",0,0,"29,2","14,6","58,4","43,8","23,36"
44963,SH,110,469654,198,0,0,0,11,6,22,17,9,"8946,8994",0,0,0,11,"5,5",22,"16,5","8,8"
44970,SH,793,459837,163,0,0,0,79,40,159,119,63,"6717,996",0,0,0,"79,3","39,65","158,6","118,95","63,44"
44977,SH,323,338619,595,0,0,0,32,16,65,48,26,"19145,0718",0,0,0,"32,3","16,15","64,6","48,45","25,84"
44984,SH,1795,298857,0,0,108,0,180,90,359,269,144,0,0,"5648,5419",0,"179,5","89,75",359,"269,25","143,6"
44991,SH,60,528949,0,0,0,0,6,3,12,9,5,0,0,0,0,6,3,12,9,"4,8"
44998,SH,1080,849765,0,0,0,0,108,54,216,162,86,0,0,0,0,108,54,216,162,"86,4"
45005,SH,210,766767,0,0,0,0,21,11,42,32,17,0,0,0,0,21,"10,5",42,"31,5","16,8"
45012,SH,1949,650228,0,57,117,0,195,97,390,292,156,0,"4632,0075","6414,86064",0,"194,9","97,45","389,8","292,35","155,92"
45019,SH,927,269475,0,13,0,0,93,46,185,139,74,0,"1266,6941",0,0,"92,7","46,35","185,4","139,05","74,16"
45026,SH,1404,493748,561,187,0,0,140,70,281,211,112,"31980,75345","17767,45955",0,0,"140,4","70,2","280,8","210,6","112,32"
45033,SH,1684,305817,469,156,101,0,168,84,337,253,135,"17372,6739","14611,5329","4774,03896",0,"168,4","84,2","336,8","252,6","134,72"
45040,SH,1168,438104,177,59,0,0,117,58,234,175,93,"9144,7794","4820,2551",0,0,"116,8","58,4","233,6","175,2","93,44"
45047,SH,1165,495561,520,173,0,0,117,58,233,175,93,"25969,30875","12197,493",0,0,"116,5","58,25",233,"174,75","93,2"
45054,SH,612,749242,413,138,0,0,61,31,122,92,49,"15859,37745","8717,23125",0,0,"61,2","30,6","122,4","91,8","48,96"
45061,SH,983,464732,256,85,0,0,98,49,197,147,79,"11487,7785","8120,4035",0,0,"98,3","49,15","196,6","147,45","78,64"
45068,SH,947,605290,351,117,0,0,95,47,189,142,76,"11774,526","8505,89045",0,0,"94,7","47,35","189,4","142,05","75,76"
45075,SH,812,538615,462,154,0,0,81,41,162,122,65,"26215,1838","15111,3542",0,0,"81,2","40,6","162,4","121,8","64,96"
45082,SH,311,820863,569,0,0,0,31,16,62,47,25,"23404,0482",0,0,0,"31,1","15,55","62,2","46,65","24,88"
45089,SH,581,660987,350,0,0,0,58,29,116,87,46,"18762,8688",0,0,0,"58,1","29,05","116,2","87,15","46,48"
45096,SH,391,690454,539,0,0,0,39,20,78,59,31,"20383,11075",0,0,0,"39,1","19,55","78,2","58,65","31,28"
45103,SH,227,716904,535,0,0,0,23,11,45,34,18,"16502,91975",0,0,0,"22,7","11,35","45,4","34,05","18,16"
45110,SH,1848,652618,0,0,111,0,185,92,370,277,148,0,0,"3556,03248",0,"184,8","92,4","369,6","277,2","147,84"
45117,SH,1171,446704,0,0,0,0,117,59,234,176,94,0,0,0,0,"117,1","58,55","234,2","175,65","93,68"
45124,SH,375,794778,0,93,0,0,38,19,75,56,30,0,"5845,5972",0,0,"37,5","18,75",75,"56,25",30
45131,SH,498,893146,0,5,0,0,50,25,100,75,40,0,"394,4362",0,0,"49,8","24,9","99,6","74,7","39,84"
45138,SH,1279,980039,0,103,0,0,128,64,256,192,102,0,"9544,8914",0,0,"127,9","63,95","255,8","191,85","102,32"
45145,SH,1888,415166,0,57,113,0,189,94,378,283,151,0,"4005,6282","6407,90976",0,"188,8","94,4","377,6","283,2","151,04"
45152,SH,1687,525555,0,15,101,0,169,84,337,253,135,0,"1361,377","6276,95586",0,"168,7","84,35","337,4","253,05","134,96"
45159,SH,1067,632888,72,24,0,0,107,53,213,160,85,"2866,9914","1450,6905",0,0,"106,7","53,35","213,4","160,05","85,36"
45166,SH,209,492189,458,153,0,0,21,10,42,31,17,"18010,3098","14789,8394",0,0,"20,9","10,45","41,8","31,35","16,72"
45173,SH,148,387258,590,197,0,0,15,7,30,22,12,"29728,17045","11856,8151",0,0,"14,8","7,4","29,6","22,2","11,84"
45180,SH,1209,692752,227,76,0,0,121,60,242,181,97,"11150,47575","4575,3",0,0,"120,9","60,45","241,8","181,35","96,72"
45187,SH,996,985950,335,112,0,0,100,50,199,149,80,"16489,94175","10556,01675",0,0,"99,6","49,8","199,2","149,4","79,68"
45194,SH,1643,703613,344,0,0,0,164,82,329,246,131,"18592,434",0,0,0,"164,3","82,15","328,6","246,45","131,44"
45201,SH,172,617762,466,0,0,0,17,9,34,26,14,"20885,09865",0,0,0,"17,2","8,6","34,4","25,8","13,76"
45208,SH,1543,899507,376,0,0,0,154,77,309,231,123,"17387,42385",0,0,0,"154,3","77,15","308,6","231,45","123,44"
45215,SH,1384,862171,0,0,0,0,138,69,277,208,111,0,0,0,0,"138,4","69,2","276,8","207,6","110,72"
45222,SH,1886,903664,0,0,113,0,189,94,377,283,151,0,0,"5826,26892",0,"188,6","94,3","377,2","282,9","150,88"
45229,SH,77,456476,0,0,0,0,8,4,15,12,6,0,0,0,0,"7,7","3,85","15,4","11,55","6,16"
45236,SH,335,274717,0,42,0,0,34,17,67,50,27,0,"2990,24745",0,0,"33,5","16,75",67,"50,25","26,8"
45243,SH,1479,851374,324,108,0,0,148,74,296,222,118,"12121,452","10728,37185",0,0,"147,9","73,95","295,8","221,85","118,32"
45250,SH,1896,435150,125,13,114,0,190,95,379,284,152,"5170,625","1162,2864","8304,02496",0,"189,6","94,8","379,2","284,4","151,68"
45257,SH,1304,398932,438,146,0,0,130,65,261,196,104,"24568,54575","10751,3786",0,0,"130,4","65,2","260,8","195,6","104,32"
45264,SH,26,695270,75,25,0,0,3,1,5,4,2,"4415,0688","1839,4875",0,0,"2,6","1,3","5,2","3,9","2,08"
45271,SH,183,645800,535,178,0,0,18,9,37,27,15,"31665,9618","13534,29",0,0,"18,3","9,15","36,6","27,45","14,64"
45278,SH,477,555965,0,3,0,0,48,24,95,72,38,0,"304,887",0,0,"47,7","23,85","95,4","71,55","38,16"
45285,SH,1036,515879,141,47,0,0,104,52,207,155,83,"5405,79465","3874,787",0,0,"103,6","51,8","207,2","155,4","82,88"
45292,SH,714,686962,114,38,0,0,71,36,143,107,57,"4364,832","3243,11",0,0,"71,4","35,7","142,8","107,1","57,12"
45299,SH,1878,461302,361,120,113,0,188,94,376,282,150,"17606,60325","8071,1524","5385,31524",0,"187,8","93,9","375,6","281,7","150,24"
45306,SH,1239,256228,129,43,0,0,124,62,248,186,99,"7479,3348","3847,76595",0,0,"123,9","61,95","247,8","185,85","99,12"
45313,SH,269,359852,355,118,0,0,27,13,54,40,22,"15070,4736","11480,6601",0,0,"26,9","13,45","53,8","40,35","21,52"
45320,SH,418,276951,59,20,0,0,42,21,84,63,33,"2495,7921","1665,44495",0,0,"41,8","20,9","83,6","62,7","33,44"
45327,SH,721,521326,125,42,0,0,72,36,144,108,58,"4670,2656","4148,8928",0,0,"72,1","36,05","144,2","108,15","57,68"
45334,SH,1337,639602,497,166,0,0,134,67,267,201,107,"17418,5088","15882,2048",0,0,"133,7","66,85","267,4","200,55","106,96"
45341,SH,1254,610986,346,115,0,0,125,63,251,188,100,"11541,2994","11081,8289",0,0,"125,4","62,7","250,8","188,1","100,32"
45348,SH,144,646485,431,144,0,0,14,7,29,22,12,"15855,2442","13568,1052",0,0,"14,4","7,2","28,8","21,6","11,52"
45355,SH,937,265099,274,91,0,0,94,47,187,141,75,"15640,9164","8070,0716",0,0,"93,7","46,85","187,4","140,55","74,96"
45362,SH,667,330666,348,116,0,0,67,33,133,100,53,"10549,6587","9681,579",0,0,"66,7","33,35","133,4","100,05","53,36"
45369,SH,99,692694,437,146,0,0,10,5,20,15,8,"19028,781","8838,9795",0,0,"9,9","4,95","19,8","14,85","7,92"
45376,SH,1834,500744,511,170,110,0,183,92,367,275,147,"30246,4122","15378,0806","4695,84696",0,"183,4","91,7","366,8","275,1","146,72"
45383,SH,1988,468567,0,5,119,0,199,99,398,298,159,0,"449,6032","6965,71344",0,"198,8","99,4","397,6","298,2","159,04"
45390,SH,1417,590732,0,2,0,0,142,71,283,213,113,0,"139,504",0,0,"141,7","70,85","283,4","212,55","113,36"
45397,SH,1575,361062,0,28,0,0,158,79,315,236,126,0,"1781,65575",0,0,"157,5","78,75",315,"236,25",126
45404,SH,1551,633013,0,108,0,0,155,78,310,233,124,0,"10582,6428",0,0,"155,1","77,55","310,2","232,65","124,08"
45411,SH,987,923382,0,32,0,0,99,49,197,148,79,0,"1955,292",0,0,"98,7","49,35","197,4","148,05","78,96"
45418,SH,1647,912097,0,166,0,0,165,82,329,247,132,0,"15827,7688",0,0,"164,7","82,35","329,4","247,05","131,76"
45425,SH,1286,349674,496,165,0,0,129,64,257,193,103,"26640,11775","12988,81525",0,0,"128,6","64,3","257,2","192,9","102,88"
45432,SH,50,712782,245,82,0,0,5,3,10,8,4,"14094,2304","8165,5065",0,0,5,"2,5",10,"7,5",4
45439,SH,218,455751,60,0,0,0,22,11,44,33,17,"2637,49395",0,0,0,"21,8","10,9","43,6","32,7","17,44"
45446,SH,929,815586,187,0,0,0,93,46,186,139,74,"5843,5656",0,0,0,"92,9","46,45","185,8","139,35","74,32"
45453,SH,1799,284158,299,0,108,0,180,90,360,270,144,"15155,8155",0,"5966,05968",0,"179,9","89,95","359,8","269,85","143,92"
45460,SH,271,872147,548,0,0,0,27,14,54,41,22,"24858,5274",0,0,0,"27,1","13,55","54,2","40,65","21,68"
45467,SH,1210,633085,185,0,0,0,121,61,242,182,97,"8234,7264",0,0,0,121,"60,5",242,"181,5","96,8"
45474,SH,976,898266,0,0,0,0,98,49,195,146,78,0,0,0,0,"97,6","48,8","195,2","146,4","78,08"
45481,SH,1570,767988,0,0,0,0,157,79,314,236,126,0,0,0,0,157,"78,5",314,"235,5","125,6"
45488,SH,226,951699,0,0,0,0,23,11,45,34,18,0,0,0,0,"22,6","11,3","45,2","33,9","18,08"
45495,SH,462,752251,0,176,0,0,46,23,92,69,37,0,"17510,8959",0,0,"46,2","23,1","92,4","69,3","36,96"
45502,SH,1662,617377,0,0,0,0,166,83,332,249,133,0,"27,0963",0,0,"166,2","83,1","332,4","249,3","132,96"
45509,SH,1012,783031,77,26,0,0,101,51,202,152,81,"2703,2832","2309,2224",0,0,"101,2","50,6","202,4","151,8","80,96"
45516,SH,258,296143,406,135,0,0,26,13,52,39,21,"16450,7211","12911,4084",0,0,"25,8","12,9","51,6","38,7","20,64"
45523,SH,1626,628786,477,159,0,0,163,81,325,244,130,"18449,0769","13512,0448",0,0,"162,6","81,3","325,2","243,9","130,08"
45530,SH,880,852982,527,7,0,0,88,44,176,132,70,"19657,1","484,91615",0,0,88,44,176,132,"70,4"
45537,SH,486,594969,460,153,0,0,49,24,97,73,39,"23668,19235","14010,3627",0,0,"48,6","24,3","97,2","72,9","38,88"
45544,SH,1707,261155,478,159,102,0,171,85,341,256,137,"15378,47415","10729,7094","5578,10046",0,"170,7","85,35","341,4","256,05","136,56"
45551,SH,691,311609,405,35,0,0,69,35,138,104,55,"21388,86","2532,46",0,0,"69,1","34,55","138,2","103,65","55,28"
45558,SH,1255,715375,515,172,0,0,126,63,251,188,100,"28872,9003","15264,3017",0,0,"125,5","62,75",251,"188,25","100,4"
45565,SH,566,705007,481,160,0,0,57,28,113,85,45,"28667,76195","11012,16485",0,0,"56,6","28,3","113,2","84,9","45,28"
45572,SH,1658,856379,243,81,0,0,166,83,332,249,133,"7794,5868","7279,4106",0,0,"165,8","82,9","331,6","248,7","132,64"
45579,SH,588,382741,521,174,0,0,59,29,118,88,47,"17016,0984","14976,8192",0,0,"58,8","29,4","117,6","88,2","47,04"
45586,SH,1921,854086,176,59,115,0,192,96,384,288,154,"9473,2995","5724,3653","6288,23982",0,"192,1","96,05","384,2","288,15","153,68"
45593,SH,1545,295325,89,30,0,0,155,77,309,232,124,"2938,83615","2904,9423",0,0,"154,5","77,25",309,"231,75","123,6"
45600,SH,1613,455110,93,31,0,0,161,81,323,242,129,"5455,3023","2686,2606",0,0,"161,3","80,65","322,6","241,95","129,04"
45607,SH,1485,716076,0,83,0,0,149,74,297,223,119,0,"5766,56975",0,0,"148,5","74,25",297,"222,75","118,8"
45614,SH,1259,433261,0,153,0,0,126,63,252,189,101,0,"10611,30405",0,0,"125,9","62,95","251,8","188,85","100,72"
45621,SH,807,576410,0,178,0,0,81,40,161,121,65,0,"17250,19035",0,0,"80,7","40,35","161,4","121,05","64,56"
45628,SH,711,748999,0,5,0,0,71,36,142,107,57,0,"325,0224",0,0,"71,1","35,55","142,2","106,65","56,88"
45635,SH,1026,963598,0,125,0,0,103,51,205,154,82,0,"11914,2039",0,0,"102,6","51,3","205,2","153,9","82,08"
45642,SH,794,963363,471,157,0,0,79,40,159,119,64,"18834,5619","15497,1295",0,0,"79,4","39,7","158,8","119,1","63,52"
45649,SH,1434,459766,449,150,0,0,143,72,287,215,115,"20990,2083","9442,915",0,0,"143,4","71,7","286,8","215,1","114,72"
45656,SH,407,866103,168,56,0,0,41,20,81,61,33,"7155,756","5012,3982",0,0,"40,7","20,35","81,4","61,05","32,56"
44928,NI,1550,1722721,181,121,0,0,155,78,310,233,124,"9302,16795","10496,7962",0,0,155,"77,5",310,"232,5",124
44935,NI,2611,1642882,488,325,157,0,261,131,522,392,209,"17112,9996","32467,3176","5643,36318",0,"261,1","130,55","522,2","391,65","208,88"
44942,NI,2441,1599216,575,383,146,0,244,122,488,366,195,"33190,014","26350,4","8880,30918",0,"244,1","122,05","488,2","366,15","195,28"
44949,NI,2827,1605566,599,399,170,0,283,141,565,424,226,"33508,8612","26512,9708","9585,05658",0,"282,7","141,35","565,4","424,05","226,16"
44956,NI,2394,1402485,252,168,144,0,239,120,479,359,192,"13775,832","11959,584","9663,66828",0,"239,4","119,7","478,8","359,1","191,52"
44963,NI,3145,603569,198,0,189,220,315,157,629,472,252,"10671,3162",0,"13442,988","2179,485","314,5","157,25",629,"471,75","251,6"
44970,NI,245,643729,163,0,0,0,25,12,49,37,20,"7518,4866",0,0,0,"24,5","12,25",49,"36,75","19,6"
44977,NI,2282,1088668,595,0,137,0,228,114,456,342,183,"20076,6852",0,"10252,02192",0,"228,2","114,1","456,4","342,3","182,56"
44984,NI,3341,1495642,0,0,200,234,334,167,668,501,267,0,0,"6381,6441","2252,63584","334,1","167,05","668,2","501,15","267,28"
44991,NI,403,830875,0,0,0,0,40,20,81,60,32,0,0,0,0,"40,3","20,15","80,6","60,45","32,24"
44998,NI,189,576552,0,0,0,0,19,9,38,28,15,0,0,0,0,"18,9","9,45","37,8","28,35","15,12"
45005,NI,1772,931502,0,0,106,0,177,89,354,266,142,0,0,"4861,90728",0,"177,2","88,6","354,4","265,8","141,76"
45012,NI,420,985508,0,114,0,0,42,21,84,63,34,0,"6958,0125",0,0,42,21,84,63,"33,6"
45019,NI,2950,1301957,0,27,177,207,295,148,590,443,236,0,"2468,8551","13215,351","1755,8695",295,"147,5",590,"442,5",236
45026,NI,507,1855006,561,374,0,0,51,25,101,76,41,"25179,9096","31703,21",0,0,"50,7","25,35","101,4","76,05","40,56"
45033,NI,1121,1125616,469,313,0,0,112,56,224,168,90,"24217,0515","28621,1183",0,0,"112,1","56,05","224,2","168,15","89,68"
45040,NI,3734,1363576,177,118,224,261,373,187,747,560,299,"8791,4205","11089,2876","8272,00488","1485,68392","373,4","186,7","746,8","560,1","298,72"
45047,NI,2531,1040080,520,347,152,0,253,127,506,380,202,"26887,18725","31188,1185","10128,75828",0,"253,1","126,55","506,2","379,65","202,48"
45054,NI,718,907946,413,275,0,0,72,36,144,108,57,"13543,58565","22582,4088",0,0,"71,8","35,9","143,6","107,7","57,44"
45061,NI,1805,1029071,256,171,108,0,181,90,361,271,144,"9584,9985","16789,3055","4856,2803",0,"180,5","90,25",361,"270,75","144,4"
45068,NI,2152,543810,351,234,129,0,215,108,430,323,172,"10676,01465","14636,0586","6754,2672",0,"215,2","107,6","430,4","322,8","172,16"
45075,NI,1470,878652,462,308,0,0,147,74,294,221,118,"21699,4374","29542,2028",0,0,147,"73,5",294,"220,5","117,6"
45082,NI,1414,677430,569,0,0,0,141,71,283,212,113,"27745,1538",0,0,0,"141,4","70,7","282,8","212,1","113,12"
45089,NI,1573,1542614,350,0,0,0,157,79,315,236,126,"11410,4256",0,0,0,"157,3","78,65","314,6","235,95","125,84"
45096,NI,3301,756485,539,0,198,231,330,165,660,495,264,"16617,528",0,"10916,27496","2229,13229","330,1","165,05","660,2","495,15","264,08"
45103,NI,3470,692654,535,0,208,243,347,174,694,521,278,"20897,49525",0,"14005,614","1665,0795",347,"173,5",694,"520,5","277,6"
45110,NI,1432,1789193,0,0,0,0,143,72,286,215,115,0,0,0,0,"143,2","71,6","286,4","214,8","114,56"
45117,NI,1022,1096068,0,0,0,0,102,51,204,153,82,0,0,0,0,"102,2","51,1","204,4","153,3","81,76"
45124,NI,1074,1204384,0,186,0,0,107,54,215,161,86,0,"18546,9864",0,0,"107,4","53,7","214,8","161,1","85,92"
45131,NI,1249,817182,0,9,0,0,125,62,250,187,100,0,"681,4532",0,0,"124,9","62,45","249,8","187,35","99,92"
45138,NI,3419,1382569,0,206,205,239,342,171,684,513,274,0,"15559,3537","8284,78404","1967,77126","341,9","170,95","683,8","512,85","273,52"
45145,NI,1493,1058967,0,113,0,0,149,75,299,224,119,0,"8264,4786",0,0,"149,3","74,65","298,6","223,95","119,44"
45152,NI,4000,787117,0,29,240,280,400,200,800,600,320,0,"2883,1204","12754,32",2044,400,200,800,600,320
45159,NI,1120,1532489,72,48,0,0,112,56,224,168,90,"2237,4009","4542,3252",0,0,112,56,224,168,"89,6"
45166,NI,3409,645634,458,305,205,239,341,170,682,511,273,"14894,9808","27762,518","14982,75954","1990,41283","340,9","170,45","681,8","511,35","272,72"
45173,NI,2417,1028756,590,393,145,0,242,121,483,363,193,"33047,8191","38917,035","5034,3693",0,"241,7","120,85","483,4","362,55","193,36"
45180,NI,2897,581683,227,152,174,203,290,145,579,435,232,"12106,971","11962,44","6709,97346","1918,79898","289,7","144,85","579,4","434,55","231,76"
45187,NI,440,888936,335,224,0,0,44,22,88,66,35,"10763,20125","17098,644",0,0,44,22,88,66,"35,2"
45194,NI,2764,1225818,344,0,166,0,276,138,553,415,221,"15875,118",0,"11952,918",0,"276,4","138,2","552,8","414,6","221,12"
45201,NI,2136,773669,466,0,128,0,214,107,427,320,171,"15604,2861",0,"8999,3952",0,"213,6","106,8","427,2","320,4","170,88"
45208,NI,1602,509031,376,0,0,0,160,80,320,240,128,"16587,5655",0,0,0,"160,2","80,1","320,4","240,3","128,16"
45215,NI,2807,773709,0,0,168,0,281,140,561,421,225,0,0,"10146,63132",0,"280,7","140,35","561,4","421,05","224,56"
45222,NI,1650,1420153,0,0,0,0,165,83,330,248,132,0,0,0,0,165,"82,5",330,"247,5",132
45229,NI,1192,1415459,0,0,0,0,119,60,238,179,95,0,0,0,0,"119,2","59,6","238,4","178,8","95,36"
45236,NI,3896,1217523,0,84,234,273,390,195,779,584,312,0,"7752,4809","10716,02592","2413,572","389,6","194,8","779,2","584,4","311,68"
45243,NI,1933,1983915,324,216,116,0,193,97,387,290,155,"15557,3775","13943,1306","3763,551",0,"193,3","96,65","386,6","289,95","154,64"
45250,NI,216,1392595,125,26,0,0,22,11,43,32,17,4369,"2597,6544",0,0,"21,6","10,8","43,2","32,4","17,28"
45257,NI,1238,729657,438,292,0,0,124,62,248,186,99,"22535,4531","26291,8004",0,0,"123,8","61,9","247,6","185,7","99,04"
45264,NI,3343,1174598,75,50,201,234,334,167,669,501,267,"2253,7737","3446,0106","14059,85568","1835,57444","334,3","167,15","668,6","501,45","267,44"
45271,NI,331,1667869,535,356,0,0,33,17,66,50,26,"17386,2612","29600,0892",0,0,"33,1","16,55","66,2","49,65","26,48"
45278,NI,2736,1618452,0,7,164,0,274,137,547,410,219,0,"491,5152","8757,60768",0,"273,6","136,8","547,2","410,4","218,88"
45285,NI,1960,1717878,141,94,118,0,196,98,392,294,157,"8098,8612","7584,0775","4159,3944",0,196,98,392,294,"156,8"
45292,NI,384,1277782,114,76,0,0,38,19,77,58,31,"4494,906","4664,956",0,0,"38,4","19,2","76,8","57,6","30,72"
45299,NI,1246,1827925,361,241,0,0,125,62,249,187,100,"16463,51895","18906,0222",0,0,"124,6","62,3","249,2","186,9","99,68"
45306,NI,3191,818012,129,86,191,223,319,160,638,479,255,"5875,5501","5649,2793","13856,72604","1523,83014","319,1","159,55","638,2","478,65","255,28"
45313,NI,2793,867942,355,237,168,0,279,140,559,419,223,"15678,0624","22745,7776","8513,9019",0,"279,3","139,65","558,6","418,95","223,44"
45320,NI,833,1975393,59,39,0,0,83,42,167,125,67,"1946,18295","2712,2497",0,0,"83,3","41,65","166,6","124,95","66,64"
45327,NI,1728,1644094,125,83,104,0,173,86,346,259,138,"5421,0624","7022,1632","4682,39616",0,"172,8","86,4","345,6","259,2","138,24"
45334,NI,122,1312805,497,331,0,0,12,6,24,18,10,"25919,66685","30241,3496",0,0,"12,2","6,1","24,4","18,3","9,76"
45341,NI,3694,1263162,346,231,222,259,369,185,739,554,296,"19499,4207","17268,481","7326,08856","2460,64728","369,4","184,7","738,8","554,1","295,52"
45348,NI,3812,1425837,431,288,229,267,381,191,762,572,305,"22775,3316","27693,8668","18051,49728","2345,5236","381,2","190,6","762,4","571,8","304,96"
45355,NI,1299,678013,274,183,0,0,130,65,260,195,104,"10080,963","17054,5088",0,0,"129,9","64,95","259,8","194,85","103,92"
45362,NI,51,518739,348,232,0,0,5,3,10,8,4,"13833,0828","14334,1704",0,0,"5,1","2,55","10,2","7,65","4,08"
45369,NI,1904,1432141,437,291,114,0,190,95,381,286,152,"17790,867","22413,111","4173,1872",0,"190,4","95,2","380,8","285,6","152,32"
45376,NI,1224,1122394,511,340,0,0,122,61,245,184,98,"17431,884","25578,6772",0,0,"122,4","61,2","244,8","183,6","97,92"
45383,NI,347,1551502,0,11,0,0,35,17,69,52,28,0,"1024,8725",0,0,"34,7","17,35","69,4","52,05","27,76"
45390,NI,2374,1180445,0,3,142,0,237,119,475,356,190,0,"198,0352","11317,00044",0,"237,4","118,7","474,8","356,1","189,92"
45397,NI,3332,544787,0,57,200,233,333,167,666,500,267,0,"3527,0802","6105,95664","2141,60968","333,2","166,6","666,4","499,8","266,56"
45404,NI,1002,667640,0,217,0,0,100,50,200,150,80,0,"17366,3382",0,0,"100,2","50,1","200,4","150,3","80,16"
45411,NI,3223,1462939,0,64,193,226,322,161,645,483,258,0,"5229,733","9349,53624","1491,2821","322,3","161,15","644,6","483,45","257,84"
45418,NI,2338,1450712,0,333,140,0,234,117,468,351,187,0,"23799,8582","4451,7858",0,"233,8","116,9","467,6","350,7","187,04"
45425,NI,119,1258961,496,331,0,0,12,6,24,18,10,"21725,25225","28563,4625",0,0,"11,9","5,95","23,8","17,85","9,52"
45432,NI,656,1498429,245,163,0,0,66,33,131,98,52,"10841,9985","13650,436",0,0,"65,6","32,8","131,2","98,4","52,48"
45439,NI,2920,1908182,60,0,175,204,292,146,584,438,234,"2676,9678",0,"11472,6216","1058,1788",292,146,584,438,"233,6"
45446,NI,2585,527758,187,0,155,0,259,129,517,388,207,"9905,661",0,"5022,4482",0,"258,5","129,25",517,"387,75","206,8"
45453,NI,1930,705294,299,0,116,0,193,97,386,290,154,"16164,58725",0,"4244,649",0,193,"96,5",386,"289,5","154,4"
45460,NI,67,838374,548,0,0,0,7,3,13,10,5,"26433,7668",0,0,0,"6,7","3,35","13,4","10,05","5,36"
45467,NI,3334,1210477,185,0,200,233,333,167,667,500,267,"9427,0338",0,"13320,6636","1976,26184","333,4","166,7","666,8","500,1","266,72"
45474,NI,3692,1781357,0,0,222,258,369,185,738,554,295,0,0,"8354,18376","1332,2582","369,2","184,6","738,4","553,8","295,36"
45481,NI,3623,1765197,0,0,217,254,362,181,725,543,290,0,0,"8543,68614","1430,61401","362,3","181,15","724,6","543,45","289,84"
45488,NI,1003,990260,0,0,0,0,100,50,201,150,80,0,0,0,0,"100,3","50,15","200,6","150,45","80,24"
45495,NI,3235,1936024,0,352,194,226,324,162,647,485,259,0,"34084,3302","14021,9781","2146,746","323,5","161,75",647,"485,25","258,8"
45502,NI,2250,626463,0,1,135,0,225,113,450,338,180,0,"72,2475","8818,875",0,225,"112,5",450,"337,5",180
45509,NI,2248,948918,77,51,135,0,225,112,450,337,180,"2328,2688","3953,408","7909,49808",0,"224,8","112,4","449,6","337,2","179,84"
45516,NI,3487,775596,406,271,209,244,349,174,697,523,279,"17793,0324","26571,2964","9089,77212","1481,13812","348,7","174,35","697,4","523,05","278,96"
45523,NI,3435,978361,477,318,206,240,344,172,687,515,275,"18675,3171","31611,579","12960,1863","1813,4739","343,5","171,75",687,"515,25","274,8"
45530,NI,1248,1340013,527,13,0,0,125,62,250,187,100,"18030,251","899,5115",0,0,"124,8","62,4","249,6","187,2","99,84"
45537,NI,1677,816766,460,307,101,0,168,84,335,252,134,"13910,9919","30668,7732","3463,54164",0,"167,7","83,85","335,4","251,55","134,16"
45544,NI,3930,1982770,478,319,236,275,393,197,786,590,314,"16449,02145","25972,8105","16165,5048","1904,5173",393,"196,5",786,"589,5","314,4"
45551,NI,1084,1035711,405,70,0,0,108,54,217,163,87,"18345,69","5189,59",0,0,"108,4","54,2","216,8","162,6","86,72"
45558,NI,3864,1062939,515,343,232,270,386,193,773,580,309,"18565,7493","32770,662","8154,04464","2032,6572","386,4","193,2","772,8","579,6","309,12"
45565,NI,3653,1507179,481,321,219,256,365,183,731,548,292,"26865,58755","30718,7943","14886,92478","2426,94361","365,3","182,65","730,6","547,95","292,24"
45572,NI,2887,598794,243,162,173,202,289,144,577,433,231,"9948,9159","13276,2168","9317,67702","1675,3261","288,7","144,35","577,4","433,05","230,96"
45579,NI,2554,1880646,521,347,153,0,255,128,511,383,204,"17042,1384","24942,1536","10133,30148",0,"255,4","127,7","510,8","383,1","204,32"
45586,NI,2251,1885216,176,117,135,0,225,113,450,338,180,"5812,7088","11606,5162","4508,57292",0,"225,1","112,55","450,2","337,65","180,08"
45593,NI,3725,1540353,89,59,224,261,373,186,745,559,298,"2719,51605","5421,4203","15472,2345","1841,938","372,5","186,25",745,"558,75",298
45600,NI,1264,1372624,93,62,0,0,126,63,253,190,101,"5235,3252","4351,029",0,0,"126,4","63,2","252,8","189,6","101,12"
45607,NI,3099,1231167,0,167,186,217,310,155,620,465,248,0,"16514,6356","11483,09658","1695,09102","309,9","154,95","619,8","464,85","247,92"
45614,NI,3499,1176884,0,306,210,245,350,175,700,525,280,0,"29392,8543","12573,09666","1416,67512","349,9","174,95","699,8","524,85","279,92"
45621,NI,1246,655452,0,357,0,0,125,62,249,187,100,0,"35328,9948",0,0,"124,6","62,3","249,2","186,9","99,68"
45628,NI,3031,890290,0,10,182,212,303,152,606,455,242,0,"675,7728","11627,58282","1696,93566","303,1","151,55","606,2","454,65","242,48"
45635,NI,3287,1676303,0,249,197,230,329,164,657,493,263,0,"18477,9889","13451,3901","1647,67449","328,7","164,35","657,4","493,05","262,96"
45642,NI,3667,1202516,471,314,220,257,367,183,733,550,293,"14993,4669","26254,552","9604,75308","2011,16615","366,7","183,35","733,4","550,05","293,36"
45649,NI,2508,1513182,449,299,150,0,251,125,502,376,201,"16665,47295","28282,6528","10013,84208",0,"250,8","125,4","501,6","376,2","200,64"
45656,NI,1731,833882,168,112,104,0,173,87,346,260,138,"5300,27925","10738,4629","7809,33726",0,"173,1","86,55","346,2","259,65","138,48"